<?xml version="1.0" encoding="UTF-8"?>
<project-private xmlns="http://www.netbeans.org/ns/project-private/1">
    <editor-bookmarks xmlns="http://www.netbeans.org/ns/editor-bookmarks/2" lastBookmarkId="0"/>
    <open-files xmlns="http://www.netbeans.org/ns/projectui-open-files/2">
        <group>
            <file>file:/C:/Users/HP/Documents/NetBeansProjects/TP11X_01/src/Entidad/Persona.java</file>
            <file>file:/C:/Users/HP/Documents/NetBeansProjects/TP11X_01/src/Servicios/PersonaService.java</file>
            <file>file:/C:/Users/HP/Documents/NetBeansProjects/TP11X_01/src/Servicios/PerroService.java</file>
            <file>file:/C:/Users/HP/Documents/NetBeansProjects/TP11X_01/src/Entidad/Perro.java</file>
            <file>file:/C:/Users/HP/Documents/NetBeansProjects/TP11X_01/src/tp11x_01/TP11X_01.java</file>
        </group>
    </open-files>
</project-private>
