<?xml version="1.0" encoding="UTF-8"?>
<project-private xmlns="http://www.netbeans.org/ns/project-private/1">
    <editor-bookmarks xmlns="http://www.netbeans.org/ns/editor-bookmarks/2" lastBookmarkId="0"/>
    <open-files xmlns="http://www.netbeans.org/ns/projectui-open-files/2">
        <group>
            <file>file:/C:/Users/HP/Documents/NetBeansProjects/TP11_03/src/Servicios/BarajaService.java</file>
            <file>file:/C:/Users/HP/Documents/NetBeansProjects/TP11_03/src/Entidad/Baraja.java</file>
            <file>file:/C:/Users/HP/Documents/NetBeansProjects/TP11_03/src/Entidad/Carta.java</file>
            <file>file:/C:/Users/HP/Documents/NetBeansProjects/TP11_03/src/tp11_03/TP11_03.java</file>
        </group>
    </open-files>
</project-private>
